<?xml version="1.0" encoding="UTF-8"?>
<jcr:root xmlns:sling="http://sling.apache.org/jcr/sling/1.0"
	xmlns:cq="http://www.day.com/jcr/cq/1.0"
	xmlns:jcr="http://www.jcp.org/jcr/1.0"
	xmlns:nt="http://www.jcp.org/jcr/nt/1.0" jcr:primaryType="cq:Page">
	<jcr:content jcr:language="fr"
		jcr:primaryType="nt:unstructured" jcr:title="Français"
		pageTitle="Nouveau Project"
		sling:resourceType="AEM62App/components/structure/page">
		<logo jcr:primaryType="nt:unstructured"
			sling:resourceType="AEM62App/components/structure/logo" />
		<title jcr:primaryType="nt:unstructured"
			sling:resourceType="AEM62App/components/content/title" />
		<topnav jcr:primaryType="nt:unstructured"
			sling:resourceType="AEM62App/components/structure/topnav" />
		<par jcr:primaryType="nt:unstructured"
			sling:resourceType="wcm/foundation/components/parsys">
			<title_0 jcr:primaryType="nt:unstructured"
				jcr:title="Service Component" type="h2"
				sling:resourceType="AEM62App/components/content/title" />
			<servicecomponent jcr:primaryType="nt:unstructured"
				sling:resourceType="AEM62App/components/content/helloworld" />
			<title_1 jcr:primaryType="nt:unstructured"
				jcr:title="Lorem ipsum" type="h2"
				sling:resourceType="AEM62App/components/content/title" />
			<text jcr:primaryType="nt:unstructured"
				sling:resourceType="AEM62App/components/content/text"
				text="&lt;p>Lorem ipsum dolor sit amet, consetetur sadipscing elitr, sed diam nonumy eirmod tempor invidunt ut labore et dolore magna aliquyam erat, sed diam voluptua. At vero eos et accusam et justo duo dolores et ea rebum. Stet clita kasd gubergren, no sea takimata sanctus est Lorem ipsum dolor sit amet. Lorem ipsum dolor sit amet, consetetur sadipscing elitr, sed diam nonumy eirmod tempor invidunt ut labore et dolore magna aliquyam erat, sed diam voluptua. At vero eos et accusam et justo duo dolores et ea rebum. Stet clita kasd gubergren, no sea takimata sanctus est Lorem ipsum dolor sit amet.&lt;/p>"
				textIsRich="true" />
			<colctrl jcr:primaryType="nt:unstructured"
				sling:resourceType="AEM62App/components/content/colctrl"
				controlType="start" layout="2;cq-colctrl-lt0" />
			<text_0 jcr:primaryType="nt:unstructured"
				sling:resourceType="AEM62App/components/content/text"
				text="&lt;p>Duis autem vel eum iriure dolor in hendrerit in vulputate velit esse molestie consequat, vel illum dolore eu feugiat nulla facilisis at vero eros et accumsan et iusto odio dignissim qui blandit praesent luptatum zzril delenit augue duis dolore te feugait nulla facilisi. Lorem ipsum dolor sit amet, consectetuer adipiscing elit, sed diam nonummy nibh euismod tincidunt ut laoreet dolore magna aliquam erat volutpat.&lt;/p>&#xa;&lt;p>Ut wisi enim ad minim veniam, quis nostrud exerci tation ullamcorper suscipit lobortis nisl ut aliquip ex ea commodo consequat. Duis autem vel eum iriure dolor in hendrerit in vulputate velit esse molestie consequat, vel illum dolore eu feugiat nulla facilisis at vero eros et accumsan et iusto odio dignissim qui blandit praesent luptatum zzril delenit augue duis dolore te feugait nulla facilisi.&lt;/p>&#xa;&lt;p>Nam liber tempor cum soluta nobis eleifend option congue nihil imperdiet doming id quod mazim placerat facer possim assum. Lorem ipsum dolor sit amet, consectetuer adipiscing elit, sed diam nonummy nibh euismod tincidunt ut laoreet dolore magna aliquam erat volutpat. Ut wisi enim ad minim veniam, quis nostrud exerci tation ullamcorper suscipit lobortis nisl ut aliquip ex ea commodo consequat.&lt;/p>"
				textIsRich="true" />
			<col_break14029137700350
				jcr:primaryType="nt:unstructured"
				sling:resourceType="AEM62App/components/content/colctrl"
				controlType="break" />
			<text_1 jcr:primaryType="nt:unstructured"
				sling:resourceType="AEM62App/components/content/text"
				text="&lt;p>Duis autem vel eum iriure dolor in hendrerit in vulputate velit esse molestie consequat, vel illum dolore eu feugiat nulla facilisis.&lt;/p>&#xa;&lt;p>At vero eos et accusam et justo duo dolores et ea rebum. Stet clita kasd gubergren, no sea takimata sanctus est Lorem ipsum dolor sit amet. Lorem ipsum dolor sit amet, consetetur sadipscing elitr, sed diam nonumy eirmod tempor invidunt ut labore et dolore magna aliquyam erat, sed diam voluptua. At vero eos et accusam et justo duo dolores et ea rebum. Stet clita kasd gubergren, no sea takimata sanctus est Lorem ipsum dolor sit amet. Lorem ipsum dolor sit amet, consetetur sadipscing elitr, At accusam aliquyam diam diam dolore dolores duo eirmod eos erat, et nonumy sed tempor et et invidunt justo labore Stet clita ea et gubergren, kasd magna no rebum. sanctus sea sed takimata ut vero voluptua. est Lorem ipsum dolor sit amet. Lorem ipsum dolor sit amet, consetetur sadipscing elitr, sed diam nonumy eirmod tempor invidunt ut labore et dolore magna aliquyam erat.&lt;/p>"
				textIsRich="true" />
			<col_end14029137700351
				jcr:primaryType="nt:unstructured"
				sling:resourceType="AEM62App/components/content/colctrl"
				controlType="end" />
			<image_1 jcr:created="{Date}2015-01-01T00:00:00.000Z"
				jcr:primaryType="nt:unstructured"
				sling:resourceType="AEM62App/components/content/image"
				fileReference="/content/dam/AEM62App/asset.jpg" />
		</par>
		<image jcr:primaryType="nt:unstructured">
			<file />
		</image>
	</jcr:content>
</jcr:root>
