<?xml version="1.0" encoding="UTF-8"?>
<jcr:root xmlns:cq="http://www.day.com/jcr/cq/1.0" xmlns:jcr="http://www.jcp.org/jcr/1.0" xmlns:nt="http://www.jcp.org/jcr/nt/1.0"
    jcr:primaryType="cq:Dialog"
    helpPath="en/cq/current/wcm/default_components.html#Title"
    title="Title Component"
    xtype="panel">
    <items jcr:primaryType="cq:WidgetCollection">
        <title
            jcr:primaryType="cq:Widget"
            fieldDescription="Leave empty to use the page title."
            fieldLabel="Title"
            name="./jcr:title"
            xtype="textfield"/>
        <type
            jcr:primaryType="cq:Widget"
            fieldLabel="Type / Size"
            name="./type"
            type="select"
            xtype="selection">
            <options jcr:primaryType="cq:WidgetCollection">
                <def
                    jcr:primaryType="nt:unstructured"
                    text="(default)"
                    value=""/>
                <small
                    jcr:primaryType="nt:unstructured"
                    text="Small"
                    value="small"/>
                <large
                    jcr:primaryType="nt:unstructured"
                    text="Large"
                    value="large"/>
            </options>
        </type>
        <picker
            jcr:primaryType="nt:unstructured"
            sling:resourceType="libs/foundation/components/colorpicker"
            classicPaletteType="{Boolean}true"
            editType="{Boolean}true"
            fieldLabel="Select Color"
            name="./color">
            <colors jcr:primaryType="nt:unstructured">
                <red
                    jcr:primaryType="nt:unstructured"
                    name="Red"
                    value="#FF0000"/>
                <green
                    jcr:primaryType="nt:unstructured"
                    name="Green"
                    value="#00FF00"/>
                <blue
                    jcr:primaryType="nt:unstructured"
                    name="Blue"
                    value="#0000FF"/>
                <black
                    jcr:primaryType="nt:unstructured"
                    name="Black"
                    value="#000000"/>
                <brown
                    jcr:primaryType="nt:unstructured"
                    name="Brown"
                    value="#996633"/>
                <orange
                    jcr:primaryType="nt:unstructured"
                    name="Orange"
                    value="#FF7F00"/>
                <purple
                    jcr:primaryType="nt:unstructured"
                    name="Purple"
                    value="#7F007F"/>
                <yellow
                    jcr:primaryType="nt:unstructured"
                    name="Yellow"
                    value="#FFFF00"/>
            </colors>
        </picker>
    </items>
</jcr:root>
